Date,op_type,op_id,coach,block,start_mile,end_mile,start_per,end_per,start_range,end_range,start_mpge,end_mpge,kwh,mpp,error,mpp_error,order,bus_run,percent_used,range_diff,miles_travelled,TAVG,TMAX,TMIN,tempdif,day_of_week,day,month,year
2020-08-10,reg,reg430,7502.0,7771,49.0,86.0,82.0,66.0,166.0,134.0,25.0,25.0,1.56,2.3125,0.0,0.0,2.0,2.0,16.0,5.0,37.0,77.0,84.0,69.0,15.0,0.0,10.0,8.0,2020.0
2020-08-11,reg,reg430,7505.0,7771,49.0,86.0,82.0,65.0,160.0,123.0,24.4,24.4,1.65,2.176471,0.0,0.0,2.0,2.0,17.0,0.0,37.0,72.0,80.0,65.0,15.0,1.0,11.0,8.0,2020.0
2020-08-11,reg,reg563,7504.0,7072,65.0,151.0,71.0,26.0,140.0,46.0,24.6,24.6,1.88,1.911111,0.0,0.0,5.0,2.0,45.0,-8.0,86.0,72.0,80.0,65.0,15.0,1.0,11.0,8.0,2020.0
2020-08-12,reg,reg585,7505.0,7771,86.0,166.0,59.0,15.0,112.0,20.0,24.4,24.4,1.98,1.818182,0.0,0.0,3.0,3.0,44.0,-12.0,80.0,77.0,87.0,67.0,20.0,2.0,12.0,8.0,2020.0
2020-08-12,reg,reg359,7504.0,7072,0.0,68.0,100.0,70.0,208.0,140.0,24.6,24.6,1.59,2.266667,0.0,0.0,4.0,1.0,30.0,0.0,68.0,77.0,87.0,67.0,20.0,2.0,12.0,8.0,2020.0
2020-08-12,reg,reg563,7504.0,7072,68.0,151.0,70.0,24.0,140.0,46.0,24.6,24.6,2.0,1.804348,0.0,0.0,5.0,2.0,46.0,-11.0,83.0,77.0,87.0,67.0,20.0,2.0,12.0,8.0,2020.0
2020-08-13,reg,reg585,7504.0,7771,87.0,167.0,62.0,12.0,121.0,12.0,24.6,24.6,2.25,1.6,0.0,0.0,3.0,3.0,50.0,-29.0,80.0,83.0,93.0,76.0,17.0,3.0,13.0,8.0,2020.0
2020-08-13,reg,reg359,7505.0,7072,0.0,66.0,100.0,70.0,204.0,136.0,24.4,24.4,1.64,2.2,0.0,0.0,4.0,1.0,30.0,-2.0,66.0,83.0,93.0,76.0,17.0,3.0,13.0,8.0,2020.0
2020-08-14,reg,reg420,7505.0,7771,0.0,49.0,100.0,81.0,210.0,160.0,24.4,24.4,1.4,2.578947,0.0,0.0,1.0,1.0,19.0,-1.0,49.0,87.0,98.0,77.0,21.0,4.0,14.0,8.0,2020.0
2020-08-14,reg,reg430,7505.0,7771,49.0,87.0,81.0,61.0,160.0,117.0,24.4,24.4,1.89,1.9,0.0,0.0,2.0,2.0,20.0,-5.0,38.0,87.0,98.0,77.0,21.0,4.0,14.0,8.0,2020.0
2020-08-14,reg,reg585,7505.0,7771,87.0,167.0,61.0,10.0,117.0,15.0,24.4,24.4,2.3,1.568627,0.0,0.0,3.0,3.0,51.0,-22.0,80.0,87.0,98.0,77.0,21.0,4.0,14.0,8.0,2020.0
2020-08-17,reg,reg420,7505.0,7771,0.0,48.0,100.0,83.0,204.0,165.0,24.4,24.4,1.28,2.823529,0.0,0.0,1.0,1.0,17.0,9.0,48.0,86.0,92.0,81.0,11.0,0.0,17.0,8.0,2020.0
2020-08-17,reg,reg430,7505.0,7771,48.0,86.0,83.0,64.0,165.0,125.0,24.4,24.4,1.8,2.0,0.0,0.0,2.0,2.0,19.0,-2.0,38.0,86.0,92.0,81.0,11.0,0.0,17.0,8.0,2020.0
2020-08-17,reg,reg585,7505.0,7771,86.0,166.0,64.0,20.0,125.0,45.0,24.4,24.4,1.98,1.818182,0.0,0.0,3.0,3.0,44.0,0.0,80.0,86.0,92.0,81.0,11.0,0.0,17.0,8.0,2020.0
2020-08-17,reg,reg563,7504.0,7072,70.0,155.0,62.0,12.0,119.0,26.0,24.2,24.2,2.12,1.7,0.0,0.0,7.0,2.0,50.0,-8.0,85.0,86.0,92.0,81.0,11.0,0.0,17.0,8.0,2020.0
2020-08-18,reg,reg420,7505.0,7771,0.0,48.0,100.0,80.0,204.0,157.0,24.4,24.4,1.5,2.4,0.0,0.0,1.0,1.0,20.0,1.0,48.0,88.0,96.0,82.0,14.0,1.0,18.0,8.0,2020.0
2020-08-18,reg,reg430,7505.0,7771,48.0,86.0,80.0,60.0,157.0,117.0,24.4,24.4,1.89,1.9,0.0,0.0,2.0,2.0,20.0,-2.0,38.0,88.0,96.0,82.0,14.0,1.0,18.0,8.0,2020.0
2020-08-18,reg,reg585,7505.0,7771,86.0,166.0,60.0,11.0,117.0,30.0,24.4,24.4,2.21,1.632653,0.0,0.0,3.0,3.0,49.0,-7.0,80.0,88.0,96.0,82.0,14.0,1.0,18.0,8.0,2020.0
2020-08-18,reg,reg563,7504.0,7072,66.0,150.0,65.0,5.0,126.0,10.0,24.0,24.0,2.57,1.4,0.0,0.0,5.0,2.0,60.0,-32.0,84.0,88.0,96.0,82.0,14.0,1.0,18.0,8.0,2020.0
2020-08-19,reg,reg420,7505.0,7771,0.0,48.0,100.0,81.0,204.0,162.0,24.4,24.4,1.43,2.526316,0.0,0.0,1.0,1.0,19.0,6.0,48.0,85.0,94.0,74.0,20.0,2.0,19.0,8.0,2020.0
2020-08-19,reg,reg585,7505.0,7771,86.0,166.0,64.0,24.0,123.0,41.0,24.4,24.4,1.8,2.0,0.0,0.0,3.0,3.0,40.0,-2.0,80.0,85.0,94.0,74.0,20.0,2.0,19.0,8.0,2020.0
2020-08-19,reg,reg359,7504.0,7072,0.0,66.0,100.0,62.0,203.0,117.0,24.0,23.8,2.07,1.736842,0.0,0.0,6.0,1.0,38.0,-20.0,66.0,85.0,94.0,74.0,20.0,2.0,19.0,8.0,2020.0
2020-08-19,reg,reg563,7504.0,7072,66.0,150.0,62.0,13.0,117.0,25.0,23.8,23.8,2.1,1.714286,0.0,0.0,7.0,2.0,49.0,-8.0,84.0,85.0,94.0,74.0,20.0,2.0,19.0,8.0,2020.0
2020-08-20,reg,reg420,7504.0,7771,0.0,48.0,100.0,81.0,202.0,156.0,23.8,24.0,1.43,2.526316,0.0,0.0,1.0,1.0,19.0,2.0,48.0,74.0,85.0,63.0,22.0,3.0,20.0,8.0,2020.0
2020-08-21,reg,reg973,7504.0,7772,0.0,100.0,100.0,60.0,205.0,115.0,23.8,23.8,1.44,2.5,0.0,0.0,1.0,1.0,40.0,10.0,100.0,75.0,83.0,66.0,17.0,4.0,21.0,8.0,2020.0
2020-08-24,reg,reg420,7504.0,7771,0.0,48.0,100.0,85.0,205.0,159.0,23.8,24.0,1.13,3.2,0.0,0.0,1.0,1.0,15.0,2.0,48.0,76.0,86.0,70.0,16.0,0.0,24.0,8.0,2020.0
2020-08-24,reg,reg430,7504.0,7771,48.0,86.0,85.0,66.0,159.0,125.0,24.0,24.0,1.8,2.0,0.0,0.0,2.0,2.0,19.0,4.0,38.0,76.0,86.0,70.0,16.0,0.0,24.0,8.0,2020.0
2020-08-24,reg,reg359,7502.0,7072,0.0,66.0,100.0,67.0,212.0,132.0,24.8,24.6,1.8,2.0,0.0,0.0,4.0,1.0,33.0,-14.0,66.0,76.0,86.0,70.0,16.0,0.0,24.0,8.0,2020.0
2020-08-24,reg,reg563,7502.0,7072,66.0,151.0,67.0,15.0,132.0,25.0,24.6,24.6,2.2,1.634615,0.0,0.0,5.0,2.0,52.0,-22.0,85.0,76.0,86.0,70.0,16.0,0.0,24.0,8.0,2020.0
2020-08-25,reg,reg420,7504.0,7771,0.0,48.0,99.0,82.0,201.0,158.0,24.0,24.0,1.28,2.823529,0.0,0.0,1.0,1.0,17.0,5.0,48.0,71.0,79.0,63.0,16.0,1.0,25.0,8.0,2020.0
2020-08-25,reg,reg430,7504.0,7771,48.0,86.0,82.0,66.0,158.0,126.0,24.0,24.2,1.52,2.375,0.0,0.0,2.0,2.0,16.0,6.0,38.0,71.0,79.0,63.0,16.0,1.0,25.0,8.0,2020.0
2020-08-26,reg,reg420,7504.0,7771,0.0,48.0,100.0,84.0,208.0,167.0,24.2,24.2,1.2,3.0,0.0,0.0,1.0,1.0,16.0,7.0,48.0,71.0,78.0,64.0,14.0,2.0,26.0,8.0,2020.0
2020-08-26,reg,reg585,7504.0,7771,86.0,166.0,69.0,29.0,133.0,53.0,24.4,24.4,1.8,2.0,0.0,0.0,3.0,3.0,40.0,0.0,80.0,71.0,78.0,64.0,14.0,2.0,26.0,8.0,2020.0
2020-08-26,reg,reg359,7502.0,7072,0.0,66.0,100.0,67.0,208.0,132.0,24.6,24.6,1.8,2.0,0.0,0.0,4.0,1.0,33.0,-10.0,66.0,71.0,78.0,64.0,14.0,2.0,26.0,8.0,2020.0
2020-08-26,reg,reg563,7502.0,7072,66.0,150.0,67.0,25.0,132.0,47.0,24.6,24.6,1.8,2.0,0.0,0.0,5.0,2.0,42.0,-1.0,84.0,71.0,78.0,64.0,14.0,2.0,26.0,8.0,2020.0
2020-08-27,reg,reg420,7504.0,7771,0.0,48.0,100.0,83.0,208.0,168.0,24.4,24.4,1.28,2.823529,0.0,0.0,1.0,1.0,17.0,8.0,48.0,67.0,76.0,54.0,22.0,3.0,27.0,8.0,2020.0
2020-08-27,reg,reg585,7504.0,7771,86.0,166.0,68.0,29.0,131.0,52.0,24.4,24.4,1.76,2.051282,0.0,0.0,3.0,3.0,39.0,1.0,80.0,67.0,76.0,54.0,22.0,3.0,27.0,8.0,2020.0
2020-08-27,reg,reg359,7502.0,7072,0.0,66.0,100.0,69.0,209.0,134.0,24.6,24.6,1.69,2.129032,0.0,0.0,4.0,1.0,31.0,-9.0,66.0,67.0,76.0,54.0,22.0,3.0,27.0,8.0,2020.0
2020-08-31,reg,reg420,7504.0,7771,0.0,48.0,100.0,84.0,208.0,163.0,24.4,24.6,1.2,3.0,0.0,0.0,1.0,1.0,16.0,3.0,48.0,76.0,81.0,70.0,11.0,0.0,31.0,8.0,2020.0
2020-08-31,reg,reg430,7504.0,7771,48.0,86.0,84.0,67.0,163.0,125.0,24.6,24.6,1.61,2.235294,0.0,0.0,2.0,2.0,17.0,0.0,38.0,76.0,81.0,70.0,11.0,0.0,31.0,8.0,2020.0
2020-08-31,reg,reg359,7502.0,7072,0.0,66.0,100.0,65.0,209.0,140.0,24.6,24.6,1.91,1.885714,0.0,0.0,4.0,1.0,35.0,-3.0,66.0,76.0,81.0,70.0,11.0,0.0,31.0,8.0,2020.0
2020-08-31,reg,reg563,7502.0,7072,66.0,151.0,65.0,21.0,140.0,41.0,24.6,24.6,1.86,1.931818,0.0,0.0,5.0,2.0,44.0,-14.0,85.0,76.0,81.0,70.0,11.0,0.0,31.0,8.0,2020.0
2020-09-01,reg,reg420,7504.0,7771,0.0,48.0,100.0,83.0,208.0,162.0,24.6,24.6,1.28,2.823529,0.0,0.0,1.0,1.0,17.0,2.0,48.0,68.0,76.0,58.0,18.0,1.0,1.0,9.0,2020.0
2020-09-01,reg,reg359,7502.0,7072,0.0,66.0,100.0,63.0,208.0,135.0,24.6,24.6,2.02,1.783784,0.0,0.0,4.0,1.0,37.0,-7.0,66.0,68.0,76.0,58.0,18.0,1.0,1.0,9.0,2020.0
2020-09-01,reg,reg563,7502.0,7072,66.0,151.0,62.0,21.0,135.0,50.0,24.6,24.6,1.74,2.073171,0.0,0.0,5.0,2.0,41.0,0.0,85.0,68.0,76.0,58.0,18.0,1.0,1.0,9.0,2020.0
2020-09-02,reg,reg420,7504.0,7771,0.0,48.0,100.0,83.0,213.0,165.0,24.8,24.8,1.28,2.823529,0.0,0.0,1.0,1.0,17.0,0.0,48.0,64.0,75.0,53.0,22.0,2.0,2.0,9.0,2020.0
2020-09-02,reg,reg359,7502.0,7072,0.0,66.0,100.0,67.0,210.0,130.0,24.6,24.6,1.8,2.0,0.0,0.0,4.0,1.0,33.0,-14.0,66.0,64.0,75.0,53.0,22.0,2.0,2.0,9.0,2020.0
2020-09-02,reg,reg563,7502.0,7072,66.0,151.0,67.0,25.0,130.0,45.0,24.6,24.6,1.78,2.023809,0.0,0.0,5.0,2.0,42.0,0.0,85.0,64.0,75.0,53.0,22.0,2.0,2.0,9.0,2020.0
2020-09-03,reg,reg420,7504.0,7771,0.0,48.0,100.0,83.0,210.0,165.0,24.8,24.8,1.28,2.823529,0.0,0.0,1.0,1.0,17.0,3.0,48.0,71.0,79.0,56.0,23.0,3.0,3.0,9.0,2020.0
2020-09-03,reg,reg359,7502.0,7072,0.0,66.0,100.0,65.0,206.0,121.0,24.6,24.6,1.91,1.885714,0.0,0.0,4.0,1.0,35.0,-19.0,66.0,71.0,79.0,56.0,23.0,3.0,3.0,9.0,2020.0
2020-09-04,reg,reg420,7504.0,7771,0.0,48.0,100.0,84.0,213.0,166.0,24.8,25.0,1.2,3.0,0.0,0.0,1.0,1.0,16.0,1.0,48.0,78.0,84.0,71.0,13.0,4.0,4.0,9.0,2020.0
2020-09-04,reg,reg430,7504.0,7771,48.0,86.0,84.0,66.0,166.0,128.0,25.0,25.0,1.71,2.111111,0.0,0.0,2.0,2.0,18.0,0.0,38.0,78.0,84.0,71.0,13.0,4.0,4.0,9.0,2020.0
2020-09-04,reg,reg585,7504.0,7771,86.0,166.0,66.0,27.0,128.0,50.0,25.0,25.0,1.76,2.051282,0.0,0.0,3.0,3.0,39.0,2.0,80.0,78.0,84.0,71.0,13.0,4.0,4.0,9.0,2020.0
2020-09-04,reg,reg359,7502.0,7072,0.0,66.0,100.0,66.0,210.0,140.0,24.6,24.6,1.85,1.941176,0.0,0.0,4.0,1.0,34.0,-4.0,66.0,78.0,84.0,71.0,13.0,4.0,4.0,9.0,2020.0
2020-09-08,reg,reg420,7504.0,7771,0.0,48.0,100.0,84.0,214.0,170.0,25.0,25.0,1.2,3.0,0.0,0.0,1.0,1.0,16.0,4.0,48.0,80.0,85.0,71.0,14.0,1.0,8.0,9.0,2020.0
2020-09-09,reg,reg420,7504.0,7771,0.0,48.0,100.0,84.0,214.0,166.0,25.0,25.0,1.2,3.0,0.0,0.0,1.0,1.0,16.0,0.0,48.0,71.0,75.0,69.0,6.0,2.0,9.0,9.0,2020.0
2020-09-09,reg,reg585,7504.0,7771,86.0,166.0,69.0,34.0,132.0,61.0,25.2,25.2,1.58,2.285714,0.0,0.0,3.0,3.0,35.0,9.0,80.0,71.0,75.0,69.0,6.0,2.0,9.0,9.0,2020.0
2020-09-10,reg,reg420,7504.0,7771,0.0,48.0,100.0,84.0,214.0,170.0,25.2,25.4,1.2,3.0,0.0,0.0,1.0,1.0,16.0,4.0,48.0,67.0,71.0,62.0,9.0,3.0,10.0,9.0,2020.0
2020-09-10,reg,reg585,7504.0,7771,86.0,166.0,68.0,34.0,135.0,61.0,25.4,25.4,1.53,2.352941,0.0,0.0,3.0,3.0,34.0,6.0,80.0,67.0,71.0,62.0,9.0,3.0,10.0,9.0,2020.0
2020-09-11,reg,reg420,7504.0,7771,0.0,48.0,100.0,80.0,214.0,166.0,25.4,25.4,1.5,2.4,0.0,0.0,1.0,1.0,20.0,0.0,48.0,71.0,78.0,63.0,15.0,4.0,11.0,9.0,2020.0
2020-09-11,reg,reg430,7504.0,7771,48.0,86.0,80.0,61.0,166.0,122.0,25.4,25.4,1.8,2.0,0.0,0.0,2.0,2.0,19.0,-6.0,38.0,71.0,78.0,63.0,15.0,4.0,11.0,9.0,2020.0
2020-09-11,reg,reg585,7504.0,7771,86.0,166.0,62.0,25.0,122.0,42.0,25.4,25.4,1.67,2.162162,0.0,0.0,3.0,3.0,37.0,0.0,80.0,71.0,78.0,63.0,15.0,4.0,11.0,9.0,2020.0
2020-09-14,reg,reg563,7504.0,7072,67.0,152.0,71.0,30.0,147.0,63.0,25.4,25.4,1.74,2.073171,0.0,0.0,2.0,2.0,41.0,1.0,85.0,66.0,77.0,50.0,27.0,0.0,14.0,9.0,2020.0
2020-09-15,reg,reg420,7504.0,7771,0.0,48.0,100.0,83.0,214.0,167.0,25.4,25.4,1.28,2.823529,0.0,0.0,1.0,1.0,17.0,1.0,48.0,70.0,80.0,57.0,23.0,1.0,15.0,9.0,2020.0
2020-09-16,reg,reg420,7504.0,7771,0.0,48.0,100.0,83.0,214.0,166.0,25.4,25.4,1.28,2.823529,0.0,0.0,1.0,1.0,17.0,0.0,48.0,67.0,78.0,58.0,20.0,2.0,16.0,9.0,2020.0
2020-09-16,reg,reg585,7504.0,7771,86.0,166.0,67.0,25.0,133.0,50.0,25.4,25.4,1.89,1.904762,0.0,0.0,3.0,3.0,42.0,-3.0,80.0,67.0,78.0,58.0,20.0,2.0,16.0,9.0,2020.0
2020-09-17,reg,reg420,7504.0,7771,0.0,48.0,100.0,83.0,214.0,168.0,25.4,25.4,1.28,2.823529,0.0,0.0,1.0,1.0,17.0,2.0,48.0,69.0,79.0,59.0,20.0,3.0,17.0,9.0,2020.0
2020-09-17,reg,reg585,7504.0,7771,86.0,166.0,66.0,26.0,134.0,53.0,25.4,25.4,1.8,2.0,0.0,0.0,3.0,3.0,40.0,-1.0,80.0,69.0,79.0,59.0,20.0,3.0,17.0,9.0,2020.0
2020-09-18,reg,reg420,7504.0,7771,0.0,48.0,100.0,82.0,214.0,166.0,25.4,25.4,1.35,2.666667,0.0,0.0,1.0,1.0,18.0,0.0,48.0,63.0,71.0,56.0,15.0,4.0,18.0,9.0,2020.0
2020-09-18,reg,reg585,7504.0,7771,86.0,166.0,65.0,25.0,131.0,51.0,25.4,25.4,1.8,2.0,0.0,0.0,3.0,3.0,40.0,0.0,80.0,63.0,71.0,56.0,15.0,4.0,18.0,9.0,2020.0
2020-09-21,reg,reg420,7504.0,7771,0.0,48.0,100.0,81.0,214.0,166.0,25.4,25.4,1.43,2.526316,0.0,0.0,1.0,1.0,19.0,0.0,48.0,73.0,83.0,64.0,19.0,0.0,21.0,9.0,2020.0
2020-09-21,reg,reg430,7504.0,7771,48.0,86.0,81.0,63.0,166.0,128.0,25.4,25.4,1.71,2.111111,0.0,0.0,2.0,2.0,18.0,0.0,38.0,73.0,83.0,64.0,19.0,0.0,21.0,9.0,2020.0
2020-09-22,reg,reg420,7504.0,7771,0.0,48.0,100.0,82.0,219.0,171.0,25.6,25.6,1.35,2.666667,0.0,0.0,1.0,1.0,18.0,0.0,48.0,69.0,78.0,62.0,16.0,1.0,22.0,9.0,2020.0
2020-09-22,reg,reg430,7504.0,7771,48.0,86.0,82.0,64.0,171.0,132.0,25.6,25.6,1.71,2.111111,0.0,0.0,2.0,2.0,18.0,-1.0,38.0,69.0,78.0,62.0,16.0,1.0,22.0,9.0,2020.0
2020-09-23,reg,reg420,7503.0,7771,0.0,48.0,100.0,81.0,200.0,152.0,23.0,23.0,1.43,2.526316,0.0,0.0,1.0,1.0,19.0,0.0,48.0,69.0,78.0,56.0,22.0,2.0,23.0,9.0,2020.0
2020-09-23,reg,reg585,7503.0,7771,86.0,166.0,63.0,20.0,118.0,38.0,23.0,23.0,1.94,1.860465,0.0,0.0,3.0,3.0,43.0,0.0,80.0,69.0,78.0,56.0,22.0,2.0,23.0,9.0,2020.0
2020-09-23,reg,reg359,7504.0,7072,0.0,66.0,100.0,68.0,220.0,154.0,25.6,25.6,1.75,2.0625,0.0,0.0,4.0,1.0,32.0,0.0,66.0,69.0,78.0,56.0,22.0,2.0,23.0,9.0,2020.0
2020-09-24,reg,reg420,7504.0,7771,0.0,48.0,100.0,83.0,216.0,168.0,25.4,25.4,1.28,2.823529,0.0,0.0,1.0,1.0,17.0,0.0,48.0,64.0,74.0,55.0,19.0,3.0,24.0,9.0,2020.0
2020-09-24,reg,reg585,7504.0,7771,86.0,166.0,67.0,27.0,130.0,50.0,25.4,25.4,1.8,2.0,0.0,0.0,3.0,3.0,40.0,0.0,80.0,64.0,74.0,55.0,19.0,3.0,24.0,9.0,2020.0
2020-09-24,reg,reg359,7503.0,7072,0.0,66.0,100.0,65.0,200.0,129.0,23.0,23.0,1.91,1.885714,0.0,0.0,4.0,1.0,35.0,-5.0,66.0,64.0,74.0,55.0,19.0,3.0,24.0,9.0,2020.0
2020-09-25,reg,reg430,7504.0,7771,48.0,86.0,70.0,52.0,155.0,120.0,25.4,25.4,1.71,2.111111,0.0,0.0,2.0,2.0,18.0,3.0,38.0,63.0,74.0,52.0,22.0,4.0,25.0,9.0,2020.0
2020-09-25,reg,reg585,7504.0,7771,86.0,166.0,52.0,12.0,120.0,27.0,25.4,25.4,1.8,2.0,0.0,0.0,3.0,3.0,40.0,-13.0,80.0,63.0,74.0,52.0,22.0,4.0,25.0,9.0,2020.0
2020-09-28,reg,reg420,7504.0,7771,0.0,48.0,100.0,84.0,218.0,173.0,25.4,25.4,1.2,3.0,0.0,0.0,1.0,1.0,16.0,3.0,48.0,83.0,93.0,74.0,19.0,0.0,28.0,9.0,2020.0
2020-09-28,reg,reg430,7504.0,7771,48.0,86.0,84.0,64.0,173.0,129.0,25.4,25.4,1.89,1.9,0.0,0.0,2.0,2.0,20.0,-6.0,38.0,83.0,93.0,74.0,19.0,0.0,28.0,9.0,2020.0
2020-09-28,reg,reg359,7503.0,7072,0.0,66.0,100.0,67.0,205.0,135.0,23.6,23.6,1.8,2.0,0.0,0.0,4.0,1.0,33.0,-4.0,66.0,83.0,93.0,74.0,19.0,0.0,28.0,9.0,2020.0
2020-09-28,reg,reg563,7503.0,7072,66.0,154.0,67.0,19.0,135.0,38.0,23.6,23.4,1.96,1.833333,0.0,0.0,5.0,2.0,48.0,-9.0,88.0,83.0,93.0,74.0,19.0,0.0,28.0,9.0,2020.0
2020-09-29,reg,reg420,7503.0,7771,0.0,48.0,100.0,82.0,205.0,162.0,23.4,23.6,1.35,2.666667,0.0,0.0,1.0,1.0,18.0,5.0,48.0,82.0,90.0,74.0,16.0,1.0,29.0,9.0,2020.0
2020-09-29,reg,reg430,7503.0,7771,48.0,86.0,82.0,64.0,162.0,124.0,23.6,23.6,1.71,2.111111,0.0,0.0,2.0,2.0,18.0,0.0,38.0,82.0,90.0,74.0,16.0,1.0,29.0,9.0,2020.0
2020-09-30,reg,reg420,7504.0,7771,0.0,48.0,100.0,81.0,210.0,165.0,25.4,25.4,1.43,2.526316,0.0,0.0,1.0,1.0,19.0,3.0,48.0,84.0,94.0,73.0,21.0,2.0,30.0,9.0,2020.0
2020-09-30,reg,reg585,7504.0,7771,86.0,166.0,63.0,23.0,127.0,27.0,25.4,25.4,1.8,2.0,0.0,0.0,3.0,3.0,40.0,-20.0,80.0,84.0,94.0,73.0,21.0,2.0,30.0,9.0,2020.0
2020-09-30,reg,reg359,7503.0,7072,0.0,66.0,100.0,65.0,200.0,125.0,23.8,23.6,1.91,1.885714,0.0,0.0,4.0,1.0,35.0,-9.0,66.0,84.0,94.0,73.0,21.0,2.0,30.0,9.0,2020.0
2020-09-30,reg,reg563,7503.0,7072,66.0,151.0,65.0,20.0,125.0,40.0,23.6,23.6,1.91,1.888889,0.0,0.0,5.0,2.0,45.0,0.0,85.0,84.0,94.0,73.0,21.0,2.0,30.0,9.0,2020.0
2020-10-01,reg,reg420,7504.0,7771,0.0,48.0,100.0,83.0,218.0,173.0,25.4,25.4,1.28,2.823529,0.0,0.0,1.0,1.0,17.0,3.0,48.0,86.0,92.0,82.0,10.0,3.0,1.0,10.0,2020.0
2020-10-01,reg,reg585,7504.0,7771,86.0,166.0,65.0,25.0,135.0,55.0,25.4,25.4,1.8,2.0,0.0,0.0,3.0,3.0,40.0,0.0,80.0,86.0,92.0,82.0,10.0,3.0,1.0,10.0,2020.0
2020-10-02,reg,reg420,7505.0,7771,0.0,48.0,100.0,83.0,198.0,159.0,23.0,24.0,1.28,2.823529,0.0,0.0,1.0,1.0,17.0,9.0,48.0,84.0,90.0,79.0,11.0,4.0,2.0,10.0,2020.0
2020-10-02,reg,reg430,7505.0,7771,48.0,86.0,83.0,65.0,159.0,121.0,24.0,24.0,1.71,2.111111,0.0,0.0,2.0,2.0,18.0,0.0,38.0,84.0,90.0,79.0,11.0,4.0,2.0,10.0,2020.0
2020-10-02,reg,reg585,7505.0,7771,86.0,166.0,65.0,25.0,121.0,41.0,24.0,24.2,1.8,2.0,0.0,0.0,3.0,3.0,40.0,0.0,80.0,84.0,90.0,79.0,11.0,4.0,2.0,10.0,2020.0
2020-10-05,reg,reg420,7505.0,7771,0.0,48.0,100.0,82.0,206.0,176.0,24.2,24.6,1.35,2.666667,0.0,0.0,1.0,1.0,18.0,18.0,48.0,80.0,89.0,74.0,15.0,0.0,5.0,10.0,2020.0
2020-10-05,reg,reg359,7504.0,7072,0.0,66.0,100.0,57.0,215.0,130.0,25.4,25.2,2.35,1.534884,0.0,0.0,4.0,1.0,43.0,-19.0,66.0,80.0,89.0,74.0,15.0,0.0,5.0,10.0,2020.0
2020-10-05,reg,reg563,7504.0,7072,66.0,151.0,57.0,10.0,130.0,35.0,25.2,25.2,1.99,1.808511,0.0,0.0,5.0,2.0,47.0,-10.0,85.0,80.0,89.0,74.0,15.0,0.0,5.0,10.0,2020.0
2020-10-06,reg,reg420,7505.0,7771,0.0,48.0,100.0,81.0,215.0,170.0,25.2,25.4,1.43,2.526316,0.0,0.0,1.0,1.0,19.0,3.0,48.0,79.0,88.0,71.0,17.0,1.0,6.0,10.0,2020.0
2020-10-06,reg,reg359,7504.0,7072,0.0,66.0,100.0,62.0,210.0,128.0,25.2,25.2,2.07,1.736842,0.0,0.0,4.0,1.0,38.0,-16.0,66.0,79.0,88.0,71.0,17.0,1.0,6.0,10.0,2020.0
2020-10-06,reg,reg563,7504.0,7072,66.0,151.0,62.0,20.0,128.0,43.0,25.2,25.2,1.78,2.023809,0.0,0.0,5.0,2.0,42.0,0.0,85.0,79.0,88.0,71.0,17.0,1.0,6.0,10.0,2020.0
2020-10-07,reg,reg420,7504.0,7771,0.0,48.0,100.0,81.0,210.0,165.0,25.2,25.2,1.43,2.526316,0.0,0.0,1.0,1.0,19.0,3.0,48.0,72.0,84.0,66.0,18.0,2.0,7.0,10.0,2020.0
2020-10-07,reg,reg585,7504.0,7771,86.0,166.0,63.0,27.0,127.0,50.0,25.2,25.2,1.62,2.222222,0.0,0.0,3.0,3.0,36.0,3.0,80.0,72.0,84.0,66.0,18.0,2.0,7.0,10.0,2020.0
2020-10-08,reg,reg420,7504.0,7771,0.0,48.0,100.0,82.0,210.0,166.0,25.2,25.4,1.35,2.666667,0.0,0.0,1.0,1.0,18.0,4.0,48.0,60.0,67.0,50.0,17.0,3.0,8.0,10.0,2020.0
2020-10-08,reg,reg585,7504.0,7771,86.0,166.0,65.0,27.0,128.0,50.0,25.4,25.4,1.71,2.105263,0.0,0.0,3.0,3.0,38.0,2.0,80.0,60.0,67.0,50.0,17.0,3.0,8.0,10.0,2020.0
2020-10-09,reg,reg420,7504.0,7771,0.0,48.0,100.0,82.0,215.0,168.0,25.4,25.4,1.35,2.666667,0.0,0.0,1.0,1.0,18.0,1.0,48.0,57.0,68.0,51.0,17.0,4.0,9.0,10.0,2020.0
2020-10-09,reg,reg430,7504.0,7771,48.0,86.0,82.0,66.0,167.0,131.0,25.4,25.4,1.52,2.375,0.0,0.0,2.0,2.0,16.0,2.0,38.0,57.0,68.0,51.0,17.0,4.0,9.0,10.0,2020.0
2020-10-09,reg,reg585,7504.0,7771,86.0,166.0,66.0,27.0,131.0,52.0,25.4,25.4,1.76,2.051282,0.0,0.0,3.0,3.0,39.0,1.0,80.0,57.0,68.0,51.0,17.0,4.0,9.0,10.0,2020.0
2020-10-14,reg,reg420,7503.0,7771,0.0,48.0,100.0,82.0,205.0,166.0,24.0,24.2,1.35,2.666667,0.0,0.0,1.0,1.0,18.0,9.0,48.0,79.0,86.0,68.0,18.0,2.0,14.0,10.0,2020.0
2020-10-14,grp,grp473,7503.0,7771,48.0,85.0,82.0,64.0,166.0,127.0,24.2,24.2,1.75,2.055556,0.0,0.0,2.0,2.0,18.0,-2.0,37.0,79.0,86.0,68.0,18.0,2.0,14.0,10.0,2020.0
2020-10-14,grp,grp376,7503.0,7771,85.0,166.0,64.0,20.0,127.0,45.0,24.2,24.2,1.96,1.840909,0.0,0.0,3.0,3.0,44.0,-1.0,81.0,79.0,86.0,68.0,18.0,2.0,14.0,10.0,2020.0
2020-10-15,reg,reg420,7503.0,7771,0.0,48.0,100.0,83.0,205.0,169.0,24.2,24.2,1.28,2.823529,0.0,0.0,1.0,1.0,17.0,12.0,48.0,79.0,88.0,73.0,15.0,3.0,15.0,10.0,2020.0
2020-10-15,grp,grp473,7503.0,7771,48.0,85.0,83.0,67.0,169.0,135.0,24.2,24.4,1.56,2.3125,0.0,0.0,2.0,2.0,16.0,3.0,37.0,79.0,88.0,73.0,15.0,3.0,15.0,10.0,2020.0
2020-10-15,reg,reg585,7502.0,7072,65.0,151.0,69.0,21.0,137.0,33.0,24.6,24.6,2.01,1.791667,0.0,0.0,7.0,2.0,48.0,-18.0,86.0,79.0,88.0,73.0,15.0,3.0,15.0,10.0,2020.0
2020-10-16,reg,reg973,7504.0,7772,0.0,87.0,100.0,47.0,217.0,90.0,25.2,25.2,2.19,1.641509,0.0,0.0,4.0,1.0,53.0,-40.0,87.0,78.0,87.0,68.0,19.0,4.0,16.0,10.0,2020.0
2020-10-19,reg,reg420,7505.0,7771,0.0,48.0,100.0,83.0,192.0,160.0,22.6,24.4,1.28,2.823529,0.0,0.0,1.0,1.0,17.0,16.0,48.0,75.0,83.0,68.0,15.0,0.0,19.0,10.0,2020.0
2020-10-19,hxb,hxb800,7504.0,7772,87.0,170.0,64.0,24.0,127.0,45.0,25.2,25.2,1.73,2.075,0.0,0.0,5.0,2.0,40.0,1.0,83.0,75.0,83.0,68.0,15.0,0.0,19.0,10.0,2020.0
2020-10-19,grp,grp376,7503.0,7072,66.0,151.0,68.0,25.0,132.0,41.0,24.2,24.2,1.82,1.976744,0.0,0.0,7.0,2.0,43.0,-6.0,85.0,75.0,83.0,68.0,15.0,0.0,19.0,10.0,2020.0
2020-10-20,reg,reg420,7505.0,7771,0.0,48.0,100.0,83.0,216.0,168.0,25.2,25.6,1.28,2.823529,0.0,0.0,1.0,1.0,17.0,0.0,48.0,76.0,84.0,70.0,14.0,1.0,20.0,10.0,2020.0
2020-10-20,hxb,hxb800,7504.0,7772,87.0,170.0,64.0,24.0,127.0,40.0,25.2,25.2,1.73,2.075,0.0,0.0,5.0,2.0,40.0,-4.0,83.0,76.0,84.0,70.0,14.0,1.0,20.0,10.0,2020.0
2020-10-20,grp,grp376,7502.0,7072,66.0,151.0,67.0,26.0,100.0,25.0,23.6,25.2,1.74,2.073171,0.0,0.0,7.0,2.0,41.0,10.0,85.0,76.0,84.0,70.0,14.0,1.0,20.0,10.0,2020.0
2020-10-21,reg,reg420,7505.0,7771,0.0,48.0,100.0,81.0,199.0,155.0,23.6,24.2,1.43,2.526316,0.0,0.0,1.0,1.0,19.0,4.0,48.0,75.0,84.0,70.0,14.0,2.0,21.0,10.0,2020.0
2020-10-21,grp,grp473,7505.0,7771,48.0,86.0,81.0,64.0,155.0,122.0,24.2,24.2,1.61,2.235294,0.0,0.0,2.0,2.0,17.0,5.0,38.0,75.0,84.0,70.0,14.0,2.0,21.0,10.0,2020.0
2020-10-21,grp,grp376,7505.0,7771,86.0,166.0,64.0,25.0,122.0,42.0,24.2,24.2,1.76,2.051282,0.0,0.0,3.0,3.0,39.0,0.0,80.0,75.0,84.0,70.0,14.0,2.0,21.0,10.0,2020.0
2020-10-22,reg,reg420,7505.0,7771,0.0,48.0,100.0,82.0,205.0,159.0,24.4,24.6,1.35,2.666667,0.0,0.0,1.0,1.0,18.0,2.0,48.0,69.0,76.0,62.0,14.0,3.0,22.0,10.0,2020.0
2020-10-22,grp,grp473,7505.0,7771,48.0,86.0,82.0,65.0,159.0,124.0,24.6,24.8,1.61,2.235294,0.0,0.0,2.0,2.0,17.0,3.0,38.0,69.0,76.0,62.0,14.0,3.0,22.0,10.0,2020.0
2020-10-22,grp,grp376,7505.0,7771,86.0,166.0,65.0,25.0,124.0,44.0,24.8,24.8,1.8,2.0,0.0,0.0,3.0,3.0,40.0,0.0,80.0,69.0,76.0,62.0,14.0,3.0,22.0,10.0,2020.0
2020-10-22,reg,reg973,7502.0,7772,0.0,86.0,100.0,45.0,212.0,79.0,24.8,23.0,2.3,1.563636,0.0,0.0,4.0,1.0,55.0,-47.0,86.0,69.0,76.0,62.0,14.0,3.0,22.0,10.0,2020.0
2020-10-22,hxb,hxb800,7502.0,7772,86.0,148.0,45.0,13.0,79.0,19.0,23.0,23.4,1.86,1.9375,0.0,0.0,5.0,2.0,32.0,2.0,62.0,69.0,76.0,62.0,14.0,3.0,22.0,10.0,2020.0
2020-10-22,reg,reg585,7504.0,7072,66.0,151.0,72.0,30.0,141.0,51.0,25.2,25.2,1.78,2.023809,0.0,0.0,7.0,2.0,42.0,-5.0,85.0,69.0,76.0,62.0,14.0,3.0,22.0,10.0,2020.0
2020-10-23,reg,reg420,7505.0,7771,0.0,48.0,94.0,74.0,190.0,145.0,24.8,25.0,1.5,2.4,0.0,0.0,1.0,1.0,20.0,3.0,48.0,57.0,67.0,48.0,19.0,4.0,23.0,10.0,2020.0
2020-10-23,reg,reg973,7501.0,7772,0.0,70.0,100.0,55.0,202.0,110.0,23.4,23.2,2.31,1.555556,0.0,0.0,4.0,1.0,45.0,-22.0,70.0,57.0,67.0,48.0,19.0,4.0,23.0,10.0,2020.0
2020-10-23,reg,reg585,7504.0,7072,66.0,151.0,67.0,23.0,130.0,40.0,25.2,25.2,1.86,1.931818,0.0,0.0,6.0,2.0,44.0,-5.0,85.0,57.0,67.0,48.0,19.0,4.0,23.0,10.0,2020.0
2020-10-26,reg,reg420,7505.0,7771,0.0,48.0,100.0,81.0,205.0,160.0,25.0,25.0,1.43,2.526316,0.0,0.0,1.0,1.0,19.0,3.0,48.0,59.0,68.0,48.0,20.0,0.0,26.0,10.0,2020.0
2020-10-26,hxb,hxb800,7502.0,7772,87.0,170.0,65.0,24.0,123.0,41.0,24.0,24.2,1.78,2.02439,0.0,0.0,5.0,2.0,41.0,1.0,83.0,59.0,68.0,48.0,20.0,0.0,26.0,10.0,2020.0
2020-10-26,grp,grp376,7504.0,7072,66.0,151.0,69.0,30.0,141.0,53.0,25.2,25.4,1.65,2.179487,0.0,0.0,7.0,2.0,39.0,-3.0,85.0,59.0,68.0,48.0,20.0,0.0,26.0,10.0,2020.0
2020-10-27,reg,reg420,7505.0,7771,0.0,48.0,100.0,79.0,205.0,153.0,25.0,25.0,1.58,2.285714,0.0,0.0,1.0,1.0,21.0,-4.0,48.0,63.0,72.0,56.0,16.0,1.0,27.0,10.0,2020.0
2020-10-27,reg,reg396,7502.0,7072,0.0,66.0,91.0,63.0,180.0,118.0,24.2,24.6,1.53,2.357143,0.0,0.0,6.0,1.0,28.0,4.0,66.0,63.0,72.0,56.0,16.0,1.0,27.0,10.0,2020.0
2020-10-27,grp,grp376,7502.0,7072,66.0,151.0,63.0,21.0,118.0,33.0,24.6,24.6,1.78,2.023809,0.0,0.0,7.0,2.0,42.0,0.0,85.0,63.0,72.0,56.0,16.0,1.0,27.0,10.0,2020.0
2020-10-28,reg,reg420,7505.0,7771,0.0,48.0,100.0,78.0,208.0,160.0,25.2,25.2,1.65,2.181818,0.0,0.0,1.0,1.0,22.0,0.0,48.0,64.0,74.0,58.0,16.0,2.0,28.0,10.0,2020.0
2020-10-28,grp,grp473,7505.0,7771,48.0,86.0,78.0,60.0,160.0,115.0,25.2,25.2,1.71,2.111111,0.0,0.0,2.0,2.0,18.0,-7.0,38.0,64.0,74.0,58.0,16.0,2.0,28.0,10.0,2020.0
2020-10-28,grp,grp376,7505.0,7771,86.0,166.0,60.0,22.0,115.0,35.0,25.2,25.2,1.71,2.105263,0.0,0.0,3.0,3.0,38.0,0.0,80.0,64.0,74.0,58.0,16.0,2.0,28.0,10.0,2020.0
2020-10-28,reg,reg973,7502.0,7772,0.0,86.0,100.0,45.0,209.0,85.0,24.6,24.0,2.3,1.563636,0.0,0.0,4.0,1.0,55.0,-38.0,86.0,64.0,74.0,58.0,16.0,2.0,28.0,10.0,2020.0
2020-10-28,hxb,hxb800,7502.0,7772,86.0,146.0,45.0,13.0,85.0,19.0,24.0,24.0,1.92,1.875,0.0,0.0,5.0,2.0,32.0,-6.0,60.0,64.0,74.0,58.0,16.0,2.0,28.0,10.0,2020.0
2020-10-28,reg,reg396,7504.0,7072,0.0,66.0,92.0,62.0,193.0,122.0,25.4,25.4,1.64,2.2,0.0,0.0,6.0,1.0,30.0,-5.0,66.0,64.0,74.0,58.0,16.0,2.0,28.0,10.0,2020.0
2020-10-29,reg,reg420,7505.0,7771,0.0,48.0,98.0,78.0,197.0,149.0,25.2,25.2,1.5,2.4,0.0,0.0,1.0,1.0,20.0,0.0,48.0,66.0,75.0,60.0,15.0,3.0,29.0,10.0,2020.0
2020-10-29,grp,grp473,7505.0,7771,48.0,86.0,78.0,58.0,149.0,110.0,25.2,25.2,1.89,1.9,0.0,0.0,2.0,2.0,20.0,-1.0,38.0,66.0,75.0,60.0,15.0,3.0,29.0,10.0,2020.0
2020-10-29,grp,grp376,7505.0,7771,86.0,166.0,58.0,20.0,110.0,31.0,25.2,25.2,1.71,2.105263,0.0,0.0,3.0,3.0,38.0,1.0,80.0,66.0,75.0,60.0,15.0,3.0,29.0,10.0,2020.0
2020-10-29,reg,reg973,7501.0,7772,0.0,87.0,100.0,45.0,197.0,81.0,23.4,23.0,2.28,1.581818,0.0,0.0,4.0,1.0,55.0,-29.0,87.0,66.0,75.0,60.0,15.0,3.0,29.0,10.0,2020.0
2020-10-29,hxb,hxb800,7501.0,7772,87.0,147.0,45.0,10.0,81.0,11.0,23.0,23.0,2.1,1.714286,0.0,0.0,5.0,2.0,35.0,-10.0,60.0,66.0,75.0,60.0,15.0,3.0,29.0,10.0,2020.0
2020-10-29,reg,reg396,7504.0,7072,0.0,66.0,95.0,68.0,198.0,133.0,25.4,25.4,1.47,2.444444,0.0,0.0,6.0,1.0,27.0,1.0,66.0,66.0,75.0,60.0,15.0,3.0,29.0,10.0,2020.0
2020-10-30,reg,reg420,7505.0,7771,0.0,48.0,100.0,77.0,210.0,146.0,25.4,25.2,1.73,2.086957,0.0,0.0,1.0,1.0,23.0,-16.0,48.0,67.0,75.0,62.0,13.0,4.0,30.0,10.0,2020.0
2020-10-30,reg,reg973,7501.0,7772,0.0,87.0,100.0,47.0,201.0,83.0,23.0,23.0,2.19,1.641509,0.0,0.0,2.0,1.0,53.0,-31.0,87.0,67.0,75.0,62.0,13.0,4.0,30.0,10.0,2020.0
2020-10-30,reg,reg396,7504.0,7072,0.0,66.0,95.0,64.0,195.0,125.0,25.4,25.4,1.69,2.129032,0.0,0.0,3.0,1.0,31.0,-4.0,66.0,67.0,75.0,62.0,13.0,4.0,30.0,10.0,2020.0
2020-11-02,reg,reg396,7504.0,7072,0.0,69.0,100.0,71.0,208.0,142.0,25.4,25.4,1.51,2.37931,0.0,0.0,3.0,1.0,29.0,3.0,69.0,74.0,83.0,63.0,20.0,0.0,2.0,11.0,2020.0
2020-11-02,grp,grp376,7504.0,7072,69.0,153.0,71.0,29.0,142.0,51.0,25.4,25.4,1.8,2.0,0.0,0.0,4.0,2.0,42.0,-7.0,84.0,74.0,83.0,63.0,20.0,0.0,2.0,11.0,2020.0
2020-11-03,reg,reg396,7504.0,7072,0.0,66.0,100.0,72.0,210.0,144.0,25.4,25.4,1.53,2.357143,0.0,0.0,3.0,1.0,28.0,0.0,66.0,67.0,78.0,61.0,17.0,1.0,3.0,11.0,2020.0
2020-11-03,grp,grp376,7504.0,7072,66.0,151.0,72.0,30.0,144.0,59.0,25.4,25.4,1.78,2.023809,0.0,0.0,4.0,2.0,42.0,0.0,85.0,67.0,78.0,61.0,17.0,1.0,3.0,11.0,2020.0
2020-11-04,reg,reg420,7505.0,7771,0.0,48.0,100.0,77.0,205.0,150.0,25.2,25.0,1.73,2.086957,0.0,0.0,1.0,1.0,23.0,-7.0,48.0,67.0,74.0,60.0,14.0,2.0,4.0,11.0,2020.0
2020-11-04,grp,grp376,7505.0,7771,86.0,166.0,52.0,15.0,100.0,20.0,25.0,25.0,1.67,2.162162,0.0,0.0,3.0,3.0,37.0,0.0,80.0,67.0,74.0,60.0,14.0,2.0,4.0,11.0,2020.0
2020-11-04,reg,reg973,7501.0,7772,0.0,87.0,100.0,44.0,195.0,95.0,22.8,22.8,2.32,1.553571,0.0,0.0,4.0,1.0,56.0,-13.0,87.0,67.0,74.0,60.0,14.0,2.0,4.0,11.0,2020.0
2020-11-04,reg,reg396,7504.0,7072,0.0,66.0,100.0,72.0,210.0,142.0,25.4,25.4,1.53,2.357143,0.0,0.0,6.0,1.0,28.0,-2.0,66.0,67.0,74.0,60.0,14.0,2.0,4.0,11.0,2020.0
2020-11-04,reg,reg585,7504.0,7072,66.0,151.0,72.0,27.0,142.0,45.0,25.4,25.4,1.91,1.888889,0.0,0.0,7.0,2.0,45.0,-12.0,85.0,67.0,74.0,60.0,14.0,2.0,4.0,11.0,2020.0
2020-11-05,reg,reg420,7501.0,7771,0.0,48.0,100.0,77.0,198.0,142.0,22.8,22.8,1.73,2.086957,0.0,0.0,1.0,1.0,23.0,-8.0,48.0,70.0,79.0,57.0,22.0,3.0,5.0,11.0,2020.0
2020-11-05,grp,grp473,7501.0,7771,48.0,86.0,77.0,58.0,142.0,104.0,22.8,22.8,1.8,2.0,0.0,0.0,2.0,2.0,19.0,0.0,38.0,70.0,79.0,57.0,22.0,3.0,5.0,11.0,2020.0
2020-11-05,grp,grp376,7501.0,7771,86.0,166.0,58.0,16.0,104.0,23.0,22.8,22.8,1.89,1.904762,0.0,0.0,3.0,3.0,42.0,-1.0,80.0,70.0,79.0,57.0,22.0,3.0,5.0,11.0,2020.0
2020-11-05,reg,reg396,7504.0,7072,0.0,69.0,100.0,72.0,216.0,147.0,25.4,25.4,1.46,2.464286,0.0,0.0,4.0,1.0,28.0,0.0,69.0,70.0,79.0,57.0,22.0,3.0,5.0,11.0,2020.0
2020-11-05,reg,reg585,7504.0,7072,69.0,156.0,72.0,25.0,147.0,53.0,25.4,25.4,1.94,1.851064,0.0,0.0,5.0,2.0,47.0,-7.0,87.0,70.0,79.0,57.0,22.0,3.0,5.0,11.0,2020.0
2020-11-06,reg,reg973,7501.0,7772,0.0,87.0,100.0,42.0,199.0,95.0,22.8,22.8,2.4,1.5,0.0,0.0,4.0,1.0,58.0,-17.0,87.0,47.0,53.0,42.0,11.0,4.0,6.0,11.0,2020.0
2020-11-06,reg,reg396,7504.0,7072,0.0,66.0,100.0,72.0,213.0,147.0,25.4,25.4,1.53,2.357143,0.0,0.0,6.0,1.0,28.0,0.0,66.0,47.0,53.0,42.0,11.0,4.0,6.0,11.0,2020.0
2020-11-06,reg,reg585,7504.0,7072,66.0,151.0,72.0,29.0,147.0,50.0,25.4,25.4,1.82,1.976744,0.0,0.0,7.0,2.0,43.0,-12.0,85.0,47.0,53.0,42.0,11.0,4.0,6.0,11.0,2020.0
2020-11-09,reg,reg420,7504.0,7771,0.0,48.0,100.0,72.0,200.0,136.0,25.4,25.4,2.1,1.714286,0.0,0.0,1.0,1.0,28.0,-16.0,48.0,44.0,52.0,39.0,13.0,0.0,9.0,11.0,2020.0
2020-11-09,hxb,hxb800,7501.0,7772,87.0,148.0,47.0,16.0,83.0,23.0,22.8,22.8,1.83,1.967742,0.0,0.0,5.0,2.0,31.0,1.0,61.0,44.0,52.0,39.0,13.0,0.0,9.0,11.0,2020.0
2020-11-09,reg,reg396,7505.0,7072,0.0,66.0,100.0,65.0,197.0,124.0,25.2,25.2,1.91,1.885714,0.0,0.0,6.0,1.0,35.0,-7.0,66.0,44.0,52.0,39.0,13.0,0.0,9.0,11.0,2020.0
2020-11-09,grp,grp376,7505.0,7072,66.0,151.0,65.0,23.0,124.0,40.0,25.2,25.2,1.78,2.023809,0.0,0.0,7.0,2.0,42.0,1.0,85.0,44.0,52.0,39.0,13.0,0.0,9.0,11.0,2020.0
2020-11-10,reg,reg420,7501.0,7771,0.0,48.0,100.0,69.0,191.0,122.0,22.8,22.8,2.33,1.548387,0.0,0.0,1.0,1.0,31.0,-21.0,48.0,50.0,59.0,42.0,17.0,1.0,10.0,11.0,2020.0
2020-11-10,hxb,hxb800,7504.0,7772,87.0,170.0,57.0,20.0,108.0,25.0,25.4,25.4,1.6,2.243243,0.0,0.0,5.0,2.0,37.0,0.0,83.0,50.0,59.0,42.0,17.0,1.0,10.0,11.0,2020.0
2020-11-10,reg,reg396,7505.0,7072,151.0,217.0,93.0,56.0,186.0,104.0,25.2,25.0,2.02,1.783784,0.0,0.0,6.0,1.0,37.0,-16.0,66.0,50.0,59.0,42.0,17.0,1.0,10.0,11.0,2020.0
2020-11-10,grp,grp376,7505.0,7072,66.0,151.0,56.0,15.0,104.0,23.0,25.0,25.2,1.74,2.073171,0.0,0.0,7.0,2.0,41.0,4.0,85.0,50.0,59.0,42.0,17.0,1.0,10.0,11.0,2020.0
2020-11-11,reg,reg420,7503.0,7771,0.0,48.0,100.0,78.0,205.0,150.0,24.2,24.2,1.65,2.181818,0.0,0.0,1.0,1.0,22.0,-7.0,48.0,48.0,56.0,43.0,13.0,2.0,11.0,11.0,2020.0
2020-11-11,grp,grp473,7503.0,7771,48.0,86.0,78.0,61.0,150.0,116.0,24.2,24.2,1.61,2.235294,0.0,0.0,2.0,2.0,17.0,4.0,38.0,48.0,56.0,43.0,13.0,2.0,11.0,11.0,2020.0
2020-11-11,grp,grp376,7503.0,7771,86.0,166.0,61.0,23.0,116.0,40.0,24.2,24.2,1.71,2.105263,0.0,0.0,3.0,3.0,38.0,4.0,80.0,48.0,56.0,43.0,13.0,2.0,11.0,11.0,2020.0
2020-11-11,reg,reg973,7501.0,7772,0.0,87.0,100.0,48.0,196.0,96.0,22.8,22.8,2.15,1.673077,0.0,0.0,4.0,1.0,52.0,-13.0,87.0,48.0,56.0,43.0,13.0,2.0,11.0,11.0,2020.0
2020-11-11,hxb,hxb800,7501.0,7772,87.0,170.0,48.0,10.0,96.0,10.0,22.8,22.8,1.65,2.184211,0.0,0.0,5.0,2.0,38.0,-3.0,83.0,48.0,56.0,43.0,13.0,2.0,11.0,11.0,2020.0
2020-11-11,reg,reg396,7504.0,7072,0.0,66.0,100.0,72.0,210.0,141.0,25.4,25.4,1.53,2.357143,0.0,0.0,6.0,1.0,28.0,-3.0,66.0,48.0,56.0,43.0,13.0,2.0,11.0,11.0,2020.0
2020-11-11,reg,reg585,7504.0,7072,66.0,151.0,72.0,28.0,141.0,50.0,25.4,25.4,1.86,1.931818,0.0,0.0,7.0,2.0,44.0,-6.0,85.0,48.0,56.0,43.0,13.0,2.0,11.0,11.0,2020.0
2020-11-12,reg,reg420,7503.0,7771,0.0,48.0,100.0,75.0,205.0,144.0,24.4,24.2,1.88,1.92,0.0,0.0,1.0,1.0,25.0,-13.0,48.0,51.0,59.0,44.0,15.0,3.0,12.0,11.0,2020.0
2020-11-12,grp,grp473,7503.0,7771,48.0,86.0,75.0,57.0,144.0,109.0,24.2,24.2,1.71,2.111111,0.0,0.0,2.0,2.0,18.0,3.0,38.0,51.0,59.0,44.0,15.0,3.0,12.0,11.0,2020.0
2020-11-12,grp,grp376,7503.0,7771,86.0,166.0,57.0,20.0,109.0,40.0,24.2,24.4,1.67,2.162162,0.0,0.0,3.0,3.0,37.0,11.0,80.0,51.0,59.0,44.0,15.0,3.0,12.0,11.0,2020.0
2020-11-12,reg,reg973,7501.0,7772,0.0,87.0,100.0,44.0,194.0,80.0,22.8,22.8,2.32,1.553571,0.0,0.0,4.0,1.0,56.0,-27.0,87.0,51.0,59.0,44.0,15.0,3.0,12.0,11.0,2020.0
2020-11-12,hxb,hxb800,7501.0,7772,87.0,147.0,44.0,14.0,80.0,21.0,22.8,22.8,1.8,2.0,0.0,0.0,5.0,2.0,30.0,1.0,60.0,51.0,59.0,44.0,15.0,3.0,12.0,11.0,2020.0
2020-11-12,reg,reg396,7504.0,7072,0.0,66.0,98.0,65.0,210.0,125.0,25.2,25.4,1.8,2.0,0.0,0.0,6.0,1.0,33.0,-19.0,66.0,51.0,59.0,44.0,15.0,3.0,12.0,11.0,2020.0
2020-11-13,reg,reg420,7503.0,7771,0.0,48.0,100.0,76.0,205.0,146.0,24.4,24.2,1.8,2.0,0.0,0.0,1.0,1.0,24.0,-11.0,48.0,51.0,57.0,45.0,12.0,4.0,13.0,11.0,2020.0
2020-11-13,reg,reg973,7501.0,7772,0.0,87.0,100.0,43.0,193.0,80.0,22.8,22.8,2.36,1.526316,0.0,0.0,4.0,1.0,57.0,-26.0,87.0,51.0,57.0,45.0,12.0,4.0,13.0,11.0,2020.0
2020-11-13,hxb,hxb800,7501.0,7772,87.0,137.0,47.0,10.0,80.0,13.0,22.8,22.8,2.66,1.351351,0.0,0.0,5.0,2.0,37.0,-17.0,50.0,51.0,57.0,45.0,12.0,4.0,13.0,11.0,2020.0
2020-11-13,reg,reg396,7504.0,7072,0.0,66.0,100.0,69.0,213.0,133.0,25.4,25.4,1.69,2.129032,0.0,0.0,6.0,1.0,31.0,-14.0,66.0,51.0,57.0,45.0,12.0,4.0,13.0,11.0,2020.0
2020-11-16,reg,reg420,7503.0,7771,0.0,48.0,100.0,76.0,201.0,146.0,24.4,24.4,1.8,2.0,0.0,0.0,1.0,1.0,24.0,-7.0,48.0,66.0,74.0,55.0,19.0,0.0,16.0,11.0,2020.0
2020-11-16,hxb,hxb800,7501.0,7772,87.0,170.0,53.0,13.0,104.0,19.0,25.0,25.6,1.73,2.075,0.0,0.0,5.0,2.0,40.0,-2.0,83.0,66.0,74.0,55.0,19.0,0.0,16.0,11.0,2020.0
2020-11-16,reg,reg396,7504.0,7072,0.0,66.0,100.0,68.0,205.0,131.0,25.4,25.4,1.75,2.0625,0.0,0.0,6.0,1.0,32.0,-8.0,66.0,66.0,74.0,55.0,19.0,0.0,16.0,11.0,2020.0
2020-11-17,reg,reg420,7503.0,7771,0.0,48.0,100.0,81.0,201.0,160.0,24.4,24.4,1.43,2.526316,0.0,0.0,1.0,1.0,19.0,7.0,48.0,56.0,69.0,51.0,18.0,1.0,17.0,11.0,2020.0
2020-11-17,hxb,hxb800,7501.0,7772,87.0,170.0,58.0,15.0,116.0,23.0,25.4,25.4,1.87,1.930233,0.0,0.0,5.0,2.0,43.0,-10.0,83.0,56.0,69.0,51.0,18.0,1.0,17.0,11.0,2020.0
2020-11-17,reg,reg396,7504.0,7072,0.0,66.0,100.0,73.0,205.0,144.0,25.4,25.4,1.47,2.444444,0.0,0.0,6.0,1.0,27.0,5.0,66.0,56.0,69.0,51.0,18.0,1.0,17.0,11.0,2020.0
2020-11-17,grp,grp376,7504.0,7072,66.0,151.0,73.0,33.0,144.0,57.0,25.4,25.4,1.69,2.125,0.0,0.0,7.0,2.0,40.0,-2.0,85.0,56.0,69.0,51.0,18.0,1.0,17.0,11.0,2020.0
2020-11-18,grp,grp473,7503.0,7771,48.0,86.0,78.0,61.0,152.0,118.0,24.4,24.4,1.61,2.235294,0.0,0.0,2.0,2.0,17.0,4.0,38.0,51.0,54.0,46.0,8.0,2.0,18.0,11.0,2020.0
2020-11-18,grp,grp376,7503.0,7771,86.0,166.0,61.0,24.0,118.0,41.0,24.4,24.6,1.67,2.162162,0.0,0.0,3.0,3.0,37.0,3.0,80.0,51.0,54.0,46.0,8.0,2.0,18.0,11.0,2020.0
2020-11-18,reg,reg973,7501.0,7772,0.0,87.0,100.0,46.0,218.0,85.0,25.4,24.2,2.23,1.611111,0.0,0.0,4.0,1.0,54.0,-46.0,87.0,51.0,54.0,46.0,8.0,2.0,18.0,11.0,2020.0
2020-11-18,hxb,hxb800,7501.0,7772,87.0,147.0,46.0,13.0,85.0,20.0,24.2,24.2,1.98,1.818182,0.0,0.0,5.0,2.0,33.0,-5.0,60.0,51.0,54.0,46.0,8.0,2.0,18.0,11.0,2020.0
2020-11-18,reg,reg396,7504.0,7072,0.0,66.0,100.0,72.0,210.0,139.0,25.4,25.4,1.53,2.357143,0.0,0.0,8.0,1.0,28.0,-5.0,66.0,51.0,54.0,46.0,8.0,2.0,18.0,11.0,2020.0
2020-11-18,reg,reg585,7504.0,7072,66.0,151.0,72.0,30.0,139.0,54.0,25.4,25.4,1.78,2.023809,0.0,0.0,9.0,2.0,42.0,0.0,85.0,51.0,54.0,46.0,8.0,2.0,18.0,11.0,2020.0
2020-11-19,grp,grp473,7503.0,7771,48.0,86.0,71.0,52.0,136.0,99.0,24.4,24.4,1.8,2.0,0.0,0.0,2.0,2.0,19.0,1.0,38.0,50.0,57.0,46.0,11.0,3.0,19.0,11.0,2020.0
2020-11-19,grp,grp376,7503.0,7771,86.0,166.0,52.0,15.0,99.0,30.0,24.4,24.6,1.67,2.162162,0.0,0.0,3.0,3.0,37.0,11.0,80.0,50.0,57.0,46.0,11.0,3.0,19.0,11.0,2020.0
2020-11-19,reg,reg973,7501.0,7772,0.0,87.0,100.0,43.0,218.0,77.0,24.2,23.2,2.36,1.526316,0.0,0.0,4.0,1.0,57.0,-54.0,87.0,50.0,57.0,46.0,11.0,3.0,19.0,11.0,2020.0
2020-11-19,hxb,hxb800,7501.0,7772,87.0,148.0,43.0,5.0,77.0,5.0,23.2,23.2,2.24,1.605263,0.0,0.0,5.0,2.0,38.0,-11.0,61.0,50.0,57.0,46.0,11.0,3.0,19.0,11.0,2020.0
2020-11-19,reg,reg396,7504.0,7072,0.0,66.0,100.0,70.0,210.0,136.0,25.4,25.4,1.64,2.2,0.0,0.0,8.0,1.0,30.0,-8.0,66.0,50.0,57.0,46.0,11.0,3.0,19.0,11.0,2020.0
2020-11-19,reg,reg585,7504.0,7072,66.0,151.0,70.0,25.0,136.0,45.0,25.4,25.4,1.91,1.888889,0.0,0.0,9.0,2.0,45.0,-6.0,85.0,50.0,57.0,46.0,11.0,3.0,19.0,11.0,2020.0
2020-11-20,reg,reg973,7501.0,7772,0.0,87.0,100.0,43.0,200.0,80.0,23.2,22.8,2.36,1.526316,0.0,0.0,4.0,1.0,57.0,-33.0,87.0,52.0,59.0,46.0,13.0,4.0,20.0,11.0,2020.0
2020-11-20,hxb,hxb800,7501.0,7772,87.0,147.0,43.0,13.0,80.0,19.0,22.8,22.8,1.8,2.0,0.0,0.0,5.0,2.0,30.0,-1.0,60.0,52.0,59.0,46.0,13.0,4.0,20.0,11.0,2020.0
2020-11-20,reg,reg396,7505.0,7072,0.0,66.0,100.0,68.0,203.0,127.0,24.8,24.8,1.75,2.0625,0.0,0.0,6.0,1.0,32.0,-10.0,66.0,52.0,59.0,46.0,13.0,4.0,20.0,11.0,2020.0
2020-11-24,hxb,hxb800,7504.0,7772,87.0,170.0,52.0,14.0,98.0,21.0,25.4,25.1,1.65,2.184211,0.0,0.0,5.0,2.0,38.0,6.0,83.0,53.0,60.0,45.0,15.0,1.0,24.0,11.0,2020.0
2020-11-24,reg,reg396,7505.0,7072,0.0,66.0,100.0,68.0,200.0,128.0,24.8,24.8,1.75,2.0625,0.0,0.0,6.0,1.0,32.0,-6.0,66.0,53.0,60.0,45.0,15.0,1.0,24.0,11.0,2020.0
2020-11-24,grp,grp376,7505.0,7072,66.0,151.0,68.0,28.0,128.0,47.0,24.8,25.0,1.69,2.125,0.0,0.0,7.0,2.0,40.0,4.0,85.0,53.0,60.0,45.0,15.0,1.0,24.0,11.0,2020.0
2020-11-25,reg,reg420,7504.0,7771,0.0,48.0,100.0,70.0,208.0,136.0,25.4,25.4,2.25,1.6,0.0,0.0,1.0,1.0,30.0,-24.0,48.0,47.0,54.0,43.0,11.0,2.0,25.0,11.0,2020.0
2020-11-25,grp,grp473,7504.0,7771,48.0,86.0,70.0,53.0,136.0,98.0,25.4,25.4,1.61,2.235294,0.0,0.0,2.0,2.0,17.0,0.0,38.0,47.0,54.0,43.0,11.0,2.0,25.0,11.0,2020.0
2020-11-25,grp,grp376,7504.0,7771,86.0,166.0,53.0,16.0,98.0,23.0,25.4,25.4,1.67,2.162162,0.0,0.0,3.0,3.0,37.0,5.0,80.0,47.0,54.0,43.0,11.0,2.0,25.0,11.0,2020.0
2020-11-25,reg,reg973,7501.0,7772,0.0,87.0,100.0,43.0,206.0,72.0,24.4,22.4,2.36,1.526316,0.0,0.0,4.0,1.0,57.0,-47.0,87.0,47.0,54.0,43.0,11.0,2.0,25.0,11.0,2020.0
2020-11-25,hxb,hxb800,7501.0,7772,87.0,147.0,43.0,10.0,72.0,12.0,22.4,22.6,1.98,1.818182,0.0,0.0,5.0,2.0,33.0,0.0,60.0,47.0,54.0,43.0,11.0,2.0,25.0,11.0,2020.0
2020-11-25,reg,reg396,7505.0,7072,0.0,66.0,100.0,67.0,204.0,128.0,25.0,25.0,1.8,2.0,0.0,0.0,6.0,1.0,33.0,-10.0,66.0,47.0,54.0,43.0,11.0,2.0,25.0,11.0,2020.0
2020-11-25,reg,reg585,7505.0,7072,66.0,151.0,67.0,20.0,128.0,25.0,25.0,24.8,1.99,1.808511,0.0,0.0,7.0,2.0,47.0,-18.0,85.0,47.0,54.0,43.0,11.0,2.0,25.0,11.0,2020.0
2020-11-27,reg,reg420,7501.0,7771,0.0,48.0,100.0,68.0,190.0,115.0,22.6,22.0,2.4,1.5,0.0,0.0,1.0,1.0,32.0,-27.0,48.0,52.0,60.0,45.0,15.0,4.0,27.0,11.0,2020.0
2020-12-01,reg,reg420,7501.0,7771,0.0,48.0,100.0,66.0,185.0,111.0,22.0,21.6,2.55,1.411765,0.0,0.0,1.0,1.0,34.0,-26.0,48.0,54.0,62.0,47.0,15.0,1.0,1.0,12.0,2020.0
2020-12-02,reg,reg420,7501.0,7771,0.0,48.0,100.0,68.0,180.0,112.0,21.6,21.2,2.4,1.5,0.0,0.0,1.0,1.0,32.0,-20.0,48.0,54.0,61.0,50.0,11.0,2.0,2.0,12.0,2020.0
2020-12-02,grp,grp473,7501.0,7771,48.0,86.0,68.0,47.0,112.0,75.0,21.2,21.4,1.99,1.809524,0.0,0.0,2.0,2.0,21.0,1.0,38.0,54.0,61.0,50.0,11.0,2.0,2.0,12.0,2020.0
2020-12-02,grp,grp376,7501.0,7771,86.0,165.0,47.0,6.0,75.0,12.0,21.4,21.8,1.87,1.926829,0.0,0.0,3.0,3.0,41.0,16.0,79.0,54.0,61.0,50.0,11.0,2.0,2.0,12.0,2020.0
2020-12-02,reg,reg973,7504.0,7772,0.0,57.0,100.0,62.0,210.0,120.0,25.4,25.4,2.4,1.5,0.0,0.0,4.0,1.0,38.0,-33.0,57.0,54.0,61.0,50.0,11.0,2.0,2.0,12.0,2020.0
2020-12-02,reg,reg396,7505.0,7072,0.0,66.0,100.0,62.0,197.0,116.0,24.8,24.8,2.07,1.736842,0.0,0.0,5.0,1.0,38.0,-15.0,66.0,54.0,61.0,50.0,11.0,2.0,2.0,12.0,2020.0
2020-12-02,reg,reg585,7505.0,7072,66.0,151.0,62.0,19.0,116.0,31.0,24.8,24.8,1.82,1.976744,0.0,0.0,6.0,2.0,43.0,0.0,85.0,54.0,61.0,50.0,11.0,2.0,2.0,12.0,2020.0
2020-12-03,reg,reg420,7503.0,7771,0.0,48.0,100.0,67.0,83.0,87.0,10.0,17.0,2.48,1.454545,0.0,0.0,1.0,1.0,33.0,52.0,48.0,57.0,64.0,51.0,13.0,3.0,3.0,12.0,2020.0
2020-12-03,grp,grp473,7503.0,7771,48.0,86.0,67.0,47.0,87.0,70.0,17.0,19.4,1.89,1.9,0.0,0.0,2.0,2.0,20.0,21.0,38.0,57.0,64.0,51.0,13.0,3.0,3.0,12.0,2020.0
2020-12-03,grp,grp376,7503.0,7771,86.0,166.0,47.0,10.0,70.0,14.0,19.4,22.8,1.67,2.162162,0.0,0.0,3.0,3.0,37.0,24.0,80.0,57.0,64.0,51.0,13.0,3.0,3.0,12.0,2020.0
2020-12-03,reg,reg973,7501.0,7772,0.0,87.0,100.0,40.0,182.0,64.0,21.8,21.4,2.48,1.45,0.0,0.0,4.0,1.0,60.0,-31.0,87.0,57.0,64.0,51.0,13.0,3.0,3.0,12.0,2020.0
2020-12-03,hxb,hxb800,7501.0,7772,87.0,148.0,40.0,8.0,64.0,8.0,21.4,21.6,1.89,1.90625,0.0,0.0,5.0,2.0,32.0,5.0,61.0,57.0,64.0,51.0,13.0,3.0,3.0,12.0,2020.0
2020-12-03,reg,reg396,7505.0,7072,0.0,66.0,98.0,61.0,190.0,114.0,24.8,24.8,2.02,1.783784,0.0,0.0,6.0,1.0,37.0,-10.0,66.0,57.0,64.0,51.0,13.0,3.0,3.0,12.0,2020.0
2020-12-03,reg,reg585,7505.0,7072,66.0,111.0,61.0,35.0,114.0,70.0,24.8,24.8,2.08,1.730769,0.0,0.0,7.0,2.0,26.0,1.0,45.0,57.0,64.0,51.0,13.0,3.0,3.0,12.0,2020.0
2020-12-04,reg,reg420,7505.0,7771,0.0,48.0,100.0,65.0,196.0,118.0,24.8,24.6,2.63,1.371429,0.0,0.0,1.0,1.0,35.0,-30.0,48.0,58.0,65.0,52.0,13.0,4.0,4.0,12.0,2020.0
2020-12-04,reg,reg973,7501.0,7772,0.0,87.0,100.0,41.0,185.0,66.0,21.6,21.2,2.44,1.474576,0.0,0.0,4.0,1.0,59.0,-32.0,87.0,58.0,65.0,52.0,13.0,4.0,4.0,12.0,2020.0
2020-12-07,hxb,hxb800,7501.0,7772,87.0,170.0,49.0,6.0,80.0,6.0,21.6,21.8,1.87,1.930233,0.0,0.0,5.0,2.0,43.0,9.0,83.0,59.0,67.0,50.0,17.0,0.0,7.0,12.0,2020.0
2020-12-07,grp,grp376,7505.0,7072,66.0,151.0,67.0,28.0,129.0,54.0,25.6,27.0,1.65,2.179487,0.0,0.0,7.0,2.0,39.0,10.0,85.0,59.0,67.0,50.0,17.0,0.0,7.0,12.0,2020.0
2020-12-08,grp,grp376,7504.0,7072,66.0,151.0,56.0,18.0,111.0,29.0,25.4,25.4,1.61,2.236842,0.0,0.0,5.0,2.0,38.0,3.0,85.0,62.0,71.0,56.0,15.0,1.0,8.0,12.0,2020.0
2020-12-09,grp,grp473,7503.0,7771,48.0,86.0,72.0,55.0,134.0,102.0,23.6,23.8,1.61,2.235294,0.0,0.0,2.0,2.0,17.0,6.0,38.0,58.0,65.0,53.0,12.0,2.0,9.0,12.0,2020.0
2020-12-09,grp,grp376,7503.0,7771,86.0,166.0,55.0,18.0,102.0,28.0,23.8,24.4,1.67,2.162162,0.0,0.0,3.0,3.0,37.0,6.0,80.0,58.0,65.0,53.0,12.0,2.0,9.0,12.0,2020.0
2020-12-09,reg,reg973,7501.0,7772,0.0,87.0,100.0,41.0,180.0,64.0,21.8,21.6,2.44,1.474576,0.0,0.0,4.0,1.0,59.0,-29.0,87.0,58.0,65.0,53.0,12.0,2.0,9.0,12.0,2020.0
2020-12-09,hxb,hxb800,7501.0,7772,87.0,149.0,41.0,4.0,64.0,6.0,21.6,21.6,2.15,1.675676,0.0,0.0,5.0,2.0,37.0,4.0,62.0,58.0,65.0,53.0,12.0,2.0,9.0,12.0,2020.0
2020-12-09,reg,reg396,7504.0,7072,0.0,66.0,100.0,65.0,221.0,130.0,25.4,25.4,1.91,1.885714,0.0,0.0,6.0,1.0,35.0,-25.0,66.0,58.0,65.0,53.0,12.0,2.0,9.0,12.0,2020.0
2020-12-09,reg,reg585,7504.0,7072,66.0,151.0,65.0,21.0,130.0,34.0,25.4,25.4,1.86,1.931818,0.0,0.0,7.0,2.0,44.0,-11.0,85.0,58.0,65.0,53.0,12.0,2.0,9.0,12.0,2020.0
2020-12-10,grp,grp376,7505.0,7771,86.0,166.0,49.0,15.0,89.0,21.0,24.6,25.4,1.53,2.352941,0.0,0.0,3.0,3.0,34.0,12.0,80.0,54.0,63.0,44.0,19.0,3.0,10.0,12.0,2020.0
2020-12-10,reg,reg973,7501.0,7772,0.0,87.0,100.0,41.0,182.0,64.0,21.6,21.4,2.44,1.474576,0.0,0.0,4.0,1.0,59.0,-31.0,87.0,54.0,63.0,44.0,19.0,3.0,10.0,12.0,2020.0
2020-12-10,hxb,hxb800,7501.0,7772,87.0,148.0,41.0,5.0,64.0,10.0,21.4,21.6,2.12,1.694444,0.0,0.0,5.0,2.0,36.0,7.0,61.0,54.0,63.0,44.0,19.0,3.0,10.0,12.0,2020.0
2020-12-10,reg,reg396,7504.0,7072,0.0,66.0,100.0,66.0,213.0,133.0,25.4,25.4,1.85,1.941176,0.0,0.0,6.0,1.0,34.0,-14.0,66.0,54.0,63.0,44.0,19.0,3.0,10.0,12.0,2020.0
2020-12-10,reg,reg585,7504.0,7072,66.0,151.0,66.0,23.0,133.0,40.0,25.4,25.4,1.82,1.976744,0.0,0.0,7.0,2.0,43.0,-8.0,85.0,54.0,63.0,44.0,19.0,3.0,10.0,12.0,2020.0
2020-12-11,reg,reg973,7501.0,7772,0.0,87.0,100.0,41.0,183.0,64.0,21.6,21.4,2.44,1.474576,0.0,0.0,4.0,1.0,59.0,-32.0,87.0,45.0,50.0,39.0,11.0,4.0,11.0,12.0,2020.0
2020-12-11,reg,reg396,7504.0,7072,0.0,66.0,100.0,67.0,215.0,133.0,25.4,25.4,1.8,2.0,0.0,0.0,6.0,1.0,33.0,-16.0,66.0,45.0,50.0,39.0,11.0,4.0,11.0,12.0,2020.0
2020-12-11,reg,reg585,7504.0,7072,66.0,151.0,67.0,23.0,133.0,40.0,25.4,25.4,1.86,1.931818,0.0,0.0,7.0,2.0,44.0,-8.0,85.0,45.0,50.0,39.0,11.0,4.0,11.0,12.0,2020.0
2020-12-14,hxb,hxb800,7505.0,7772,87.0,170.0,52.0,9.0,94.0,9.0,24.6,24.8,1.87,1.930233,0.0,0.0,2.0,2.0,43.0,-2.0,83.0,44.0,49.0,38.0,11.0,0.0,14.0,12.0,2020.0
2020-12-14,reg,reg396,7504.0,7072,0.0,66.0,100.0,64.0,208.0,127.0,25.4,25.4,1.96,1.833333,0.0,0.0,3.0,1.0,36.0,-15.0,66.0,44.0,49.0,38.0,11.0,0.0,14.0,12.0,2020.0
2020-12-14,grp,grp376,7504.0,7072,66.0,151.0,64.0,25.0,127.0,43.0,25.4,25.4,1.65,2.179487,0.0,0.0,4.0,2.0,39.0,1.0,85.0,44.0,49.0,38.0,11.0,0.0,14.0,12.0,2020.0
